<?xml version="1.0" encoding="UTF-8" standalone="yes"?>
<addon id="plugin.video.tabrutal" name="Tá Brutal" version="0.0.5" provider-name="Mafarricos">
  <requires>
    <import addon="xbmc.python" version="2.1.0"/>
	<import addon="script.module.urlresolver" version="2.1.2"/>
  </requires>
  <extension point="xbmc.python.pluginsource" library="main.py">
    <provides>video</provides>
  </extension>
  <extension point="xbmc.addon.metadata">
    <language>en</language>
    <platform>all</platform>
    <summary lang="en">Tá Brutal</summary>
    <description lang="en">Visualização de videos engraçados do site: http://www.tabrutal.pt</description>
	<broken>Utilização passa a ser realizada pelo addon Fun Videos do meu addon</broken>
    <platform>all</platform>
  </extension>
</addon>
