﻿<?xml version="1.0" encoding="UTF-8" standalone="yes"?>
<addon id="repository.mafarricos.xbmc" name="Mafarricos repositorio" version="1.0.3" provider-name="Mafarricos">
	<extension point="xbmc.addon.repository" name="Mafarricos Add-on Repository">
		<info compressed="false">http://addons-xbmc-mafarricos.googlecode.com/svn/trunk/addons.xml</info>
		<checksum>http://addons-xbmc-mafarricos.googlecode.com/svn/trunk/addons.xml.md5</checksum>
		<datadir zip="false">http://addons-xbmc-mafarricos.googlecode.com/svn/trunk/</datadir>
	</extension>
	<extension point="xbmc.addon.metadata">
		<summary>Repositorio Mafarricos</summary>
		<description>Addons de Mafarricos, contacto: MafaStudios@gmail.com</description>
		<disclaimer></disclaimer>
		<platform>all</platform>
	</extension>
</addon>