<?xml version="1.0" encoding="UTF-8" standalone="yes"?>
<addon id="plugin.video.moviereleases" name="Movie Releases" version="0.1.1" provider-name="Mafarricos">
  <requires>
    <import addon="xbmc.python" version="2.14.0"/>
	<import addon="script.module.beautifulsoup" version="3.2.1"/> 
  </requires>
  <extension point="xbmc.python.pluginsource" library="main.py">
    <provides>video</provides>
  </extension>
  <extension point="xbmc.addon.metadata">
    <language>en</language>
    <platform>all</platform>
    <summary lang="en">Movie Releases</summary>
    <description lang="en">
	</description>
    <platform>all</platform>
  </extension>
</addon>
