﻿<?xml version="1.0" encoding="UTF-8" standalone="yes"?>
<addon id="plugin.video.sicnoticias" name="Sic Noticias" version="0.0.11" provider-name="Mafarricos">
  <requires>
    <import addon="xbmc.python" version="2.1.0"/>
  </requires>
  <extension point="xbmc.python.pluginsource" library="addon.py">
    <provides>video</provides>
  </extension>
  <extension point="xbmc.addon.metadata">
    <language>en</language>
    <platform>all</platform>
    <summary lang="en">Sic Noticias</summary>
    <description lang="en">Visualização dos videos/noticias do site http://sicnoticias.sapo.pt</description>
    <platform>all</platform>
  </extension>
</addon>
