<?xml version="1.0" encoding="UTF-8" standalone="yes"?>
<addon id="plugin.video.moviereleases" name="Movie Releases" version="0.2.5a" provider-name="Mafarricos">
  <requires>
    <import addon="xbmc.python" version="2.14.0"/>
	<import addon="script.module.beautifulsoup" version="3.2.1"/>
	<import addon="script.module.metahandler" version="2.7.0"/>
	<import addon="plugin.video.youtube" version="1.0.0"/>	
	<import addon="script.module.addonsresolver" optional="true"/>
  </requires>
  <extension point="xbmc.python.pluginsource" library="main.py">
    <provides>video</provides>
  </extension>
  <extension point="xbmc.addon.metadata">
    <language>en</language>
    <platform>all</platform>
    <summary lang="en">Movie Releases</summary>
    <description lang="en">Various movie sources to check what's trending, Upcoming, Releases. (Sources from trakt, rotten tomatoes, IMDB, TMDB)</description>
    <platform>all</platform>
  </extension>
</addon>
