﻿<?xml version="1.0" encoding="UTF-8" standalone="yes"?>
<addon id="plugin.video.jami" name="jami" version="1.3" provider-name="frenchdj">
  <requires>
    <import addon="xbmc.python" version="2.1.0"/>
    <import addon="script.module.addon.common" version="2.0.0"/>
    <import addon="plugin.video.youtube" />
  </requires>
	
  <extension point="xbmc.python.pluginsource" library="default.py">
    <provides>video</provides>
  </extension>
	
  <extension point="xbmc.addon.metadata">
    <summary lang="en">jami</summary>
    <description lang="en">Canais de Animação em Português. Toda a fonte do conteúdo é o Youtube</description>
    <platform>all</platform>
    <forum></forum>
    <website></website>
  </extension>
</addon>
