<?xml version="1.0" encoding="UTF-8" standalone="yes"?>
<addon id="plugin.video.portocanal" name="Porto Canal" version="0.0.2" provider-name="Mafarricos">
  <requires>
    <import addon="xbmc.python" version="2.1.0"/>
  </requires>
  <extension point="xbmc.python.pluginsource" library="main.py">
    <provides>video</provides>
  </extension>
  <extension point="xbmc.addon.metadata">
    <language>en</language>
    <platform>all</platform>
    <summary lang="en">Porto Canal</summary>
    <description lang="en">Visualização dos videos do site http://portocanal.sapo.pt</description>
    <platform>all</platform>
  </extension>
</addon>
