<?xml version="1.0" encoding="UTF-8" standalone="yes"?>
<addon id="script.module.addonsresolver" name="Addons Resolver" version="0.0.6A" provider-name="Mafarricos">
  <requires>
    <import addon="xbmc.python" version="2.14.0"/>
  </requires>
  <extension point="xbmc.python.module" library="lib" />
  <extension point="xbmc.addon.metadata">
    <summary>Addons parser to get movie results via search string</summary>
    <description>Addons parser to get movie results via search string working with Genesis/RatoTV</description>
    <platform>all</platform>
  </extension>
</addon>
