<?xml version="1.0" encoding="UTF-8" standalone="yes"?>
<addon id="plugin.video.tester" name="Video Test Files" version="0.1.0" provider-name="Mafarricos">
  <requires>
    <import addon="xbmc.python" version="2.14.0"/>
  </requires>
  <extension point="xbmc.python.pluginsource" library="main.py">
    <provides>video</provides>
  </extension>
  <extension point="xbmc.addon.metadata">
    <language>en</language>
    <platform>all</platform>
    <summary lang="en">Video Test Files</summary>
    <description lang="en">A number of H.264 encoded .mkv video clips that can be used for testing the network streaming and playback performance of media streamers and HTPCs.
	All Original content on: 
	http://jell.yfish.us
	http://bigbuckbunny.org
	http://tearsofsteel.org
	http://sintel.org
	http://elephantsdream.org 
	</description>
    <platform>all</platform>
  </extension>
</addon>
