<?xml version="1.0" encoding="UTF-8" standalone="yes"?>
<addon id="plugin.video.funvideos" name="Fun Videos" version="0.3.7" provider-name="Mafarricos">
  <requires>
    <import addon="xbmc.python" version="2.14.0"/>
	<import addon="script.module.requests" version="2.4.3"/>
  </requires>
  <extension point="xbmc.python.pluginsource" library="main.py">
    <provides>video</provides>
  </extension>
  <extension point="xbmc.addon.metadata">
    <language>en</language>
    <platform>all</platform>
    <summary lang="en">Fun Videos</summary>
    <description lang="en">Visualização de videos engraçados dos sites: 
	http://www.9gag.tv	
	http://www.tabonito.pt
	http://www.tafixe.com
	http://vitaminl.tv
	http://www.tabrutal.pt
	http://www.bestofyoutube.com
	http://www.jacarebanguela.com.br
	http://www.galofrito.com.br
	http://www.viralviralvideos.com
	http://obutecodanet.ig.com.br
	http://www.embrulha.com
	http://loladatuga.com
	http://tugavideos.com
	http://www.break.com
	http://collegehumor.com
	http://funnyordie.com
	http://snotr.com
	http://cracked.com
	</description>
    <platform>all</platform>
  </extension>
</addon>
