<?xml version="1.0" encoding="UTF-8" standalone="yes"?>
<addon id="plugin.video.funvideos" name="Fun Videos Mix" version="0.0.1" provider-name="Mafarricos">
  <requires>
    <import addon="xbmc.python" version="2.1.0"/>
  </requires>
  <extension point="xbmc.python.pluginsource" library="main.py">
    <provides>video</provides>
  </extension>
  <extension point="xbmc.addon.metadata">
    <language>en</language>
    <platform>all</platform>
    <summary lang="en">Fun Videos Mix</summary>
    <description lang="en">Visualização de videos engraçados dos sites: http://www.tabonito.pt, http://www.tafixe.com, http://vitaminl.tv, http://www.tabrutal.pt, http://www.jacarebanguela.com.br</description>
    <platform>all</platform>
  </extension>
</addon>
