<?xml version="1.0" encoding="UTF-8" standalone="yes"?>
<addon id="service.autosubs"
    name="AutoSubs" version="1.0.3" provider-name="schumi2004,Mafarricos">
  <requires>
    <import addon="xbmc.python" version="2.1.0"/>
  </requires>
  <extension point="xbmc.service" library="default.py" start="login" />
  <extension point="xbmc.python.script" library="default.py">
    <provides>executable</provides>
  </extension>
  <extension point="xbmc.addon.metadata">
    <summary lang="en">Auto Search for Subtitles on Play</summary>
    <description lang="en">Auto Search for Subtitles on Playback start if no subs are found.[CR][CR]Icon credits goes to zNET Computer Solutions http://www.znetcs.pl</description>
    <summary lang="pt">Pesquisa Automática por legendas no Play</summary>
    <description lang="pt">Pesquisa Automática por legendas na reprodução se não existirem legendas.[CR][CR]Créditos dos icons vão para zNET Computer Solutions http://www.znetcs.pl</description>	
    <platform>all</platform>
    <language>en</language>
  </extension>
</addon>
