<?xml version="1.0" encoding="UTF-8" standalone="yes"?>
<addon id="plugin.video.videosinfantis" name="Videos Infantis" version="1.0.0" provider-name="Mafarricos">
  <requires>
    <import addon="xbmc.python" version="2.1.0"/>
	<import addon="script.module.urlresolver" version="2.1.2"/>
  </requires>
  <extension point="xbmc.python.pluginsource" library="main.py">
    <provides>video</provides>
  </extension>
  <extension point="xbmc.addon.metadata">
    <language>pt</language>
    <platform>all</platform>
    <summary lang="en">Videos Infantis</summary>
    <description lang="en">
	- Kids Youtube (Canais do Youtube)
	Todo o conteúdo é proveniente do youtube e de canais existentes no mesmo, qualquer problema com direitos de autor deve ser dirigido ao mesmo.
	</description>
    <platform>all</platform>
  </extension>
</addon>
