<?xml version="1.0" encoding="UTF-8" standalone="yes"?>
<addon id="script.module.addonsresolver" name="Addons Resolver" version="0.1.2" provider-name="Mafarricos">
    <requires>
        <import addon="xbmc.python" version="2.14.0"/>
		<import addon="script.module.beautifulsoup" version="3.2.1"/>		
    </requires>
    <extension point="xbmc.python.pluginsource" library="default.py">
        <provides>executable</provides>
    </extension>
    <extension point="xbmc.addon.metadata">
        <platform>all</platform>
        <summary>One addon, multiple addons!</summary>
        <description></description>
    </extension>
</addon>
