<?xml version="1.0" encoding="UTF-8" standalone="yes"?>
<addon id="plugin.video.ogatodasbotas" name="ogatodasbotas" version="0.0.2" provider-name="Mafarricos">
  <requires>
    <import addon="xbmc.python" version="2.1.0"/>
  </requires>
  <extension point="xbmc.python.pluginsource" library="addon.py">
    <provides>video</provides>
  </extension>
  <extension point="xbmc.addon.metadata">
    <language>en</language>
    <platform>all</platform>
    <summary lang="en">Videos Infantis</summary>
    <description lang="en">Visualização dos videos do site http://videos.ogatodasbotas.com/</description>
    <platform>all</platform>
  </extension>
</addon>
